Jeanette;solidRice5;9PKF7xdnBek2q5QEWZg8f;3
Evelyn;shamefulMackerel9;mQn9BiIPqTf03;3
Dora;guiltyTeal0;4CjB3r;3
Roger;importedIguana0;7zkqEtKB1C;3
Michael;lazyHoopoe0;S8Mfa75tDTk;3
Roberto;ashamedMacaw0;LFcszo3wUOY95bXNl01;3
Kirby;awedOatmeal8;pr1I6ds5eg2nWNtXZS7PL;3
Sharon;mereAbalone9;T49junBaAtFmH83fCX;3
Vicente;pacifiedWigeon8;AbO7yr0WQ28wHFuz;3
Angela;giddyEagle6;oh6KIrA8;3
Robert;grumpyMeerkat7;53IcWq;3
Marie;betrayedPretzels5;2PjTOnM90rJbd;3
Judy;grizzledWidgeon9;tQCV5ez6vI9Ec;3
Richard;similarBoars3;bPXZW0l4iKc65pYz;3
James;worriedHeron3;Io0fDpQ1;3
Helen;culturedDoves1;2ivHX7tN;3
Naomi;jumpyLizard4;3ctTxpVR7Ba20g9GjFU;3
Thomas;lazyMussel9;439NzZWdrI1QbsOv;3
Omar;dreadfulPepper9;nyJ7LZipF530GqHf;3
Jeannie;pleasedMacaw3;26bZIqARJ493VhptrxfBU;3
Robert;guiltyEggs7;oe5IN4ZxC73tqRmX;3
Felicia;dejectedSnipe2;f97vrZd2WXUI4e;3
Edward;culturedRat0;cMjf1Hz02QS;3
Jennifer;enragedCoconut0;90RNrCsxhG3Yuyk6LH2;3
Nicky;finickyTeal0;agABL87Wwjv6OiK3;3
Denise;enragedPear5;7WeLDv4ImT5tn;3
Harry;culturedGatorade8;L5ASkKx9psCH7rd0;3
Richard;cautiousRhino4;DCr4KbB9dsqI21;3
Robert;mercifulPudding3;JBEbt7rgA9;3
Amy;guiltyLard7;EpkcVjifRWt9ZBU750;3
Salvatore;pridefulBobolink6;m7JTSq41LvbsK;3
Jessica;mellowRhino7;Y9c1AWr4UyKj5FHmq8l;3
Francisco;wornoutTuna3;bqwQAK2Se9;3
Benjamin;pacifiedTruffle2;EDak79vZ;3
Jazmin;finickyWidgeon0;8KBoYPXm35lrw1GLyu6;3
Natosha;madRat6;Bb5O8k;3
Jonathan;alertHoopoe7;5loD7T62vjV1fgOGAuC;3
Kathrine;finickyCurlew6;BMk93Llu;3
Denise;thrilledSalt7;0bel8YhZIfSnN72G;3
Steven;grudgingDinosaur2;wr8WZ9Kg;3
Saundra;innocentCordial4;pEROfg69rZ0Jb;3
William;thrilledBass9;R8yx7ABw0LdZk;3
Henry;murkyKitten6;ahM6l28JATc;3
Kaitlyn;worriedDingo7;1tAP4YqeKp8;3
Daniel;superiorSyrup5;sCgU5x7E;3
Anthony;wingedPudding0;RLJHvscwe83P25Ey;3
Mary;scornfulLizard9;Dw41TYfoP0s;3
Damien;offendedBasmati3;r51wAHnP;3
Alyssa;somberCheese6;HQxR5rq6Ls;3
Rosalba;grumpyQuiche0;kMWTf39Rowt7Q;3
Allan;offendedHawk9;5yRrNx9HpJ;3
Bessie;needfulCod8;w3EkJhT1;3
Dave;alertGatorade6;gDA0SBju1Yqw6;3
Steven;gutturalFalcon7;FG95nl;3
Lewis;brainySalami2;yCVEad8Dw16R3ruLtJ;3
Cecelia;cockyViper2;8CxS6ykG;3
Sara;cautiousHoopoe8;3CVaUI9nu10GrQm8gFf;3
Eugene;mildCardinal4;Nml0E1jH;3
Salina;outlyingHeron6;t0PW3Lg2h6jrxHED;3
Ruthie;relievedBoars2;5U9zwbRF;3
Ruth;puzzledRelish8;0S1yrdhZ5iFVxD6K;3
Barbara;brainyGnu0;gp1w56aAUiGZn4IL;3
Noel;shamefulLeopard8;NpQ1GD9t0fk2UEK5lae;3
Jerome;wrathfulPoultry8;3i0WBQsf;3
Ashley;crummyCake7;LiyCGhc2NdF90O1m;3
Jarvis;pleasedSeahorse2;dF8O6j1UgZp;3
Sandra;ardentCoati7;LdP8yx2Y;3
Walter;dejectedHyena8;kV7Msf0ju6OKyJY2;3
Lucile;resolvedMeerkat5;Hy21dX7JkvILDP3nmfw5G;3
Jerry;sincerePudding8;Ixw741nUCRy0LtMkXe;3
Leana;lazyTomatoe7;D7cyr95iFUH;3
Donna;boredCardinal4;qJh3FcYA85l6PrDfw0K;3
Gary;dopeyChough5;Cc3gF8;3
Samuel;gleefulMussel8;a7UM2FeI4Z3wopPx;3
Lindsey;jealousVenison2;iIb6AZ2ljX8;3
George;vengefulSalt3;0mTbtS8wl5N2GZ;3
Keith;pitifulMandrill0;0jv8Q1fDFNlPb;3
Ellen;worldlyHeron1;beZg59AUr28wNVRs;3
Antonio;morbidRelish2;C5zQmTg1LRv8Yj7dIf0;3
Randy;holisticTortoise6;bVJ3dO8r;3
Jennifer;betrayedHeron4;8R0LEwxb;3
Belinda;aboardCake2;6xCwjt8RMFN2h;3
Tonya;bubblyEagle3;wLx9Rqe8G0Y;3
Anthony;empathicChile9;heXS70;3
Betty;grudgingOatmeal8;x9aRgUP7zcQk8A6G;3
Larry;crushedBagels3;lU5Y7JC429krtnNGZed;3
Mary;peskyClam6;xsSH07;3
Sharon;dreadfulMeerkat7;j5eiS7f2N9FsMH;3
Frank;excitedLemur9;IA809fzCoFk;3
Shannon;wakefulOryx2;euS9Jn7T;3
Brandon;decimalBittern0;c4g5L8tJECe;3
Misty;trustingDoughnut2;LCv6P4Wdxo9lF1Bf;3
Jon;wornoutFerret0;2bBLHI6Gq0okFyr4Dc;3
Ana;ecstaticWigeon7;O2tsy0AJC1kZm3Tw;3
Katie;resolvedDingo2;k9xgC1zJU70mRcZP;3
Martin;excludedLollies6;SdQ5s7nK;3
Alex;dopeyCake8;8o7nO4GUSkbrVJi2Qp9;3
Christopher;innocentLocust5;JqrUv8QYi47Pw;3
Meredith;amazedSalt8;29QoOW5byfpH1J;3
Marco;scornfulViper1;VWFm9X43voe;3
Joseph;wingedVenison2;cOrlSaH07TUu58;3
Melissa;sadRice7;BxMo6FwcDdW13;3
Evelyn;pitifulOwl6;WSvc26zZuo1TE9;3
Sarah;sugaryBuzzard3;j0g7qQmF2PE;3
Jason;panickyDotterel8;1GSDwxbgN2s87H;3
Jerry;resolvedTacos2;v6DTSqe2;3
Adrian;bubblyApples6;3fVwT1W7KnIYu4kp;3
Walter;offendedKitten0;Y1KqfL85QVvDjxw3;3
Jeffrey;sincereCaribou4;Ga85bT;3
Charlie;sincereRuffs3;l9WXbg8o0DJN4xYnUd2zI;3
Hellen;yearningGnu5;A0jnYcfRG9;3
Sofia;panickyOryx4;C53uKkRnsF4;3
Sara;worldlyZebra5;pZn713owGHADhV0a9Ox;3
Phyllis;cautiousCurlew9;9tvHXk6pn7rG3QSW;3
Belinda;enragedQuiche8;fWs7Rl6bDSJ2nd3A;3
Jay;worriedPear5;hstw79OXNp1YZ;3
George;needfulVenison3;HqFo6zAQ1C89urm0OtJ;3
Debbie;amazedRice9;sm1STn9aP54wQ7FCBdo;3
William;enviousCake6;U56GMvajIi;3
Deborah;betrayedTacos1;3eSkX7GbBc4;3
Rick;eagerCod7;Niv3k8H6SrG;3
Hazel;excitedTeal0;5I7paScfXz1lN6QA;3
Bradley;pitifulChough8;veD3q79OZgNuW;3
Brett;excludedCow7;gW1eA6zH;3
Carol;wearySnipe0;mTk79V;3
Rebecca;anxiousMacaw0;6oT5iYaV;3
Bradley;amusedTortoise2;dN2ht0Pw8KJ5OmXv7syHF;3
Terry;selfishApples5;4NO9cTqh;3
Samantha;gloomyLard0;qA1R5ckD;3
Willie;enviousDingo7;IzXF42K6ncD0Upfh;3
Jason;cruelMackerel5;Bm48Opc0faJG7N;3
Susan;excitedChamois2;73ep9NtKIxED0z;3
Lisa;joyfulCaribou0;rHl5dnFDo0ZXT7Yy4fI1w;3
Stuart;emptyThrush1;0ct52CGdpJWhVDe7;3
Jennie;ecstaticCordial9;VUbIhX35tlZy4;3
Candace;trustingPear8;3kz8QU6SFiAyn;3
Barbara;amazedChamois5;KJZ7deNrnGp12;3
Kenneth;dreadfulCur4;3oE8Fj9DBkm;3
Christopher;mellowDoughnut7;n9x3D6VdeJUPj8;3
Bertha;goofyEagle6;5sQzLFDwr9;3
Reba;dejectedIcecream9;no9ATl53ZBy;3
Norma;empathicCurlew6;Zy7l4Jb5GeaOS;3
Sue;worriedWigeon2;4nBp3GfA;3
Mark;jealousWidgeon7;UsXwhLF738d;3
Johnnie;spiritedRhino5;0HBx6oEd;3
Robert;soreBoars4;IF58p0neJUW1gubZ;3
Cathy;truthfulLollies7;jgA74FOn;3
Ashley;crushedCoconut5;aO25EZli;3
Michael;grudgingCrackers4;q1SYQrI3ky;3
Eli;cautiousOwl8;0g9SlnHR72PabdJW;3
Mason;curiousPie4;YLkC63Ri0mc;3
Jacqueline;aboardLollies8;BFCMRifml5qO340Zpw;3
Susan;emptySalami4;J320vUmAlGk;3
Eleanor;worriedJerky3;1YTSr4RA7gaotv9kC6HdG;3
Ernest;unhappySeahorse6;HkWLru1j0R6;3
Martin;hushedCake3;c8aQ9Z4pHX7Ghvso2CwKB;3
Gregory;cheerfulZebra6;Ocpf23FQyE1;3
Rosa;brainyTortoise7;2iZK0x;3
Benny;jealousLemur1;IFr7TqUJju2dP9Yv5M3ia;3
Robert;wornoutFerret4;4VZ0beWKiv6o9sDT;3
Joyce;wingedTermite9;w4A2UgBj;3
Norman;vengefulBobolink4;3uNCO5brHKim2;3
Robert;forsakenCrackers9;uTOLH2D0hgep5;3
Annie;anxiousMandrill9;X3rztJDU0c6;3
Sheryl;cheerfulBagels9;2tu64AVlO8YEia;3
William;goofyBustard6;4VM0mvuerXPG2T5x;3
Henry;eagerGranola7;3ChQ4OTbN58Udqul;3
Susan;eagerDingo9;oiG1MC5u;3
Elizabeth;ferventBass8;TPJ72zSGpxlk5;3
Lindsey;giddyPlover5;Hptsa6dJkWB8ZClR13;3
Ray;dearGarlic7;ZVhKyf3j2ME9e4Xi;3
Jeanette;chicRuffs5;PAi6x5Sn;3
Harvey;superiorLocust4;BtPQp8f5;3
Leonardo;cautiousRhino2;g7KlJu3QmnP0L;3
Elsie;wrathfulVenison0;UY7jguOpGb85I;3
Gale;holisticCaribou8;35swQJ;3
James;affectedPorpoise5;wV4CGdxkZ8YsnM5y3Q;3
Michael;mildTuna0;m8Z2IJOhxzp4Ac6D;3
Lynn;kindAntelope2;pEIGDvw9lnTs5X78;3
Crystal;wearyOil1;FnX12r;3
George;thrilledOwl6;5dskO4uQA0B;3
Martin;ardentPonie8;9HwuMy6GY1ODSkxKhlg20;3
Candace;cynicalLard7;SiuTJ41b;3
Carol;drearyOrange8;5ktJ0Z;3
Ruth;dearBustard3;tx2nDEL1;3
Debra;goofyRice5;uL5wqR6W3fC;3
Martina;decimalOwl3;ODud32WZvs59CYjw;3
Sylvia;enviousWasp0;Rk219CaH5DOfil;3
Adam;selfishDotterel5;nbguG58Ya92WNBfV;3
Amanda;chicAntelope4;QPh9ey4S;3
Paul;murkyDinosaur9;QlXnj8dKa5DIPT9z0s2;3
Shirley;emptyWidgeon2;XlKQdt50;3
Emily;affectedOtter5;A4srX6;3
Allan;finickySmelt2;d0eipqznQL178JSUT9V;3
Vernice;pacifiedCake0;Ai5jsI43ZOf;3
Daphne;lyingOtter7;XleaKOtrM25R3UW7do;3
Judy;panickyChough4;Vb5T82RJapPhzOiEr1;3
Christine;hushedCoati1;Ef2FlQWt08k;3
Joy;grumpyBustard7;Yic8A7Qh5zW;3
Charles;emptyBasmati0;EQlN6fzc5W8;3
