Marlene;resolvedCake0;V3iaHyR9fX;2
Danny;anxiousSardines5;ZHjz2s80OWfuV;2
Ursula;cockyChowder1;wv1yP5V6U4NtsTiS;2
William;wearyPudding6;QixYZRw0o1;2
Karen;abjectPorpoise4;9xiZ5MQybk34VP;2
Shelton;mereOrange7;MB7X9ohq;2
Paula;somberBoa2;m6aI9RkO5Zu;2
Jeffrey;zestyBoa1;3h8kvONRrS;2
Stephen;dearBuzzard3;zY6tp72CLDj;2
Brittany;affectedIguana1;98IbpujAr6VZB;2
Barbara;sheepishMoth2;lF1PZ38Uzgm;2
Monique;murkyLizard6;SI1PjfOg48y3uDpl9VW;2
Steven;anxiousApricots4;TC5ngIo1;2
April;wakefulChowder4;3wV5qElbTtF9HoS8;2
Andrew;alertOil6;Avo20wEG;2
Eliza;empathicHawk2;23afCtO1FGMsNq7b;2
James;grumpySalt1;lAXerMC38t;2
Chad;offendedSeafowl7;w6kIjMO91VztP7Xs2iYhR;2
Dan;unhappyFish9;dEy9CVZU6iQhoGur4B10c;2
Donald;worldlyLollies2;s12IoCSeXNpy4;2
Cynthia;solemnPolenta9;Grj2K5Nw9Vb;2
Katie;spiritedMussel9;35sYZflTI4n;2
Michelle;crushedCordial7;3kh4uALZCc;2
Timothy;eagerCrane9;q9JTs4h0xEK;2
Sandra;holisticBurritos8;014uhiP9OGJABkqr;2
Erin;murkyDove0;oC1zBv75DKu;2
Joseph;shamefulToucan1;TBc5ewo310KguG7FZNx;2
Beth;gleefulHyena6;N865raHQjVJuyM0m;2
Mary;offendedChile7;B7bhVS8d;2
Deborah;pluckyPolenta0;OKCBA4v8rc3e5MzkjU;2
Janice;scornfulBuck2;kGWeay3P42F;2
Stanley;mellowJaguar1;S9cbOUfF5aq6W;2
Kristin;awedLollies6;Mhxn9SaF3Kql58TI;2
Scott;goofyTermite8;AC09mzN6ecXuHtO7;2
Anita;needyLollies1;iD1Uq7;2
Linda;ardentCake4;Kh35wGaUC1sfumRpPOQ76;2
William;somberDingo6;0pSGy3Df56KvrP;2
Sylvia;betrayedRhino0;x6I0jR;2
Marcus;ashamedDotterel5;8sHu7gCvJ6ShV;2
Mary;sheepishDoughnut7;6pOIa3qMRi1;2
Diane;curiousOrange6;mkcrC87AM6HXtOj2;2
Natasha;somberStork3;Ba1tH8X9Vvx;2
Enrique;wakefulMallard7;WH7XstpLR0z4o;2
Alexander;insecureSwift5;EcSBf62gl4R1qabdY5ITF;2
Raymond;grumpyChowder6;7bELQ54sieV;2
Donald;troubledBoa0;79e5NGtqVbQ;2
Christine;unhappyLlama0;GUh9v1yu0WE;2
David;ashamedIguana0;oL15e34Pw0vTEkAWlOKmj;2
Rafael;artisticPonie0;dB9hE3NmF6Vlf1Ge;2
Judy;grudgingRhino2;8DaMluXLC5pWbH30km4Jv;2
Parker;gloomyHyena6;M05jgB6IAchm8kVK;2
Mary;solemnDinosaur0;w8PX5NmafR6;2
Gregory;dearRhino6;Gu39UiP0MeaBwxEF2h;2
Gary;alertOtter3;OhaHkQMij62lVUSI783ug;2
Melvina;spiritedGnu2;Vw3fIW6y;2
Candice;pacifiedOrange0;lXiCoRa3Z8;2
Michael;sheepishWeaver4;iwVE9M3bv7D;2
Jerrold;curiousWidgeon0;Dq50aw4eIBYlOFL2o9fbV;2
Christine;worldlyChamois5;4N0H2JdZr9apKokS;2
Mike;pacifiedGelding8;yFBN15dv;2
Kevin;excitedWildfowl9;7btBGqNz5F1Rn;2
Rachel;superiorZebra7;gUj5Li8I;2
John;goofyCockatoo0;7gLbvCFaD9;2
Rick;gutturalPiglet4;u620fSJUeLj;2
Mary;ashamedIguana6;NDeC2id8Hx;2
Laurie;grumpyWidgeon8;9bpU6QLq;2
Ashley;amusedGelding3;7TjfuV49rQZ;2
Beverly;somberLemur5;mHP9N0swCf;2
Timothy;troubledClam7;t19FjumPEBz0T;2
Gail;blissfulBittern8;IUwbZ701g9zjaGCR;2
Fred;stressedChowder0;Sob80g3CIDe;2
James;dejectedSmelt3;f8O7GQ9UZrw2vIypuP;2
Opal;jubilantDotterel2;62rURi;2
Henrietta;spiritedCaviar9;i8sRVMIkv3aX4Km1;2
Steve;lovesickBass3;58uwTb1Qqy0id4AGYMN;2
Lorinda;needyCod2;5nUkW7Zl;2
Louie;lyingGranola0;i9Zg0V5KcqW;2
Joel;lyingToucan2;f3VpJ4kHL2MDb7jh;2
Misty;culturedBustard6;Gj1B49YTxDRtuvkdXw53W;2
Fabiola;pacifiedCheese4;nMi16T0BDyY5wl8JfUh;2
Judy;decimalMandrill2;CQPe65krWJf0v;2
Holly;pacifiedFlamingo9;cut2DO8rYM0;2
Lisa;boastfulLeopard8;9ugPxG6K;2
William;euphoricSeagull7;2JZp8iSk;2
Carleen;worldlyWeaver2;t0IR4MLrza6;2
Ross;innocentMacaw6;QHlEuvyI3t7W62;2
Bryan;soreGelding7;EB3i9y;2
Donald;goofyMussel2;CnKhq7W6;2
Twanna;awedOwl6;E9oH0s7UBibQh2aK;2
Tracy;peacefulMeerkat9;r0K8SyQ9Lvs;2
Jessica;affectedRelish7;KSrYwczjGRo261u9QO;2
Eunice;outlyingTuna2;5XAfhd7El8FwD;2
Dan;blissfulOryx7;1IHqePCbg6On4;2
Donald;artisticRice2;c2PDj4Yt1ShFpL5w6Mg;2
Heather;mereEland6;L0pKUNnot1;2
Karen;sorePonie8;3BJyi8WFq4w;2
Henry;lyingOatmeal0;JbD04sYf;2
Hazel;vengefulOil7;RQrY4N71hnvtyI3ZXslW8;2
David;excitedBoars9;hwD8Y3t5qWgkML4HJv1;2
Aida;worriedWhiting8;PqyCb8s7FLQW03mi;2
