Erin;solemnLion7;9FflqX1R;4
Jennifer;gutturalViper8;E2ta8xl4gY0WoHfUID3uN;4
Todd;pitifulUnicorn4;0BG3F4uygjU;4
Jose;peskyCheetah8;waH4p7YT;4
Jose;mercifulPie0;c3OvgR9wJy27qLIU;4
James;similarJaguar1;c1NjnUKE7t;4
Alex;wearyBoars5;AQNhzm0S8d74gcTH1XbpU;4
Kenneth;jealousPorpoise2;6Pi1RHd8Aze;4
Carrie;importedCheetah2;n4qZYhT5yG7;4
David;ardentWeaver5;bR0UcAi3q9D;4
Rose;grizzledLemur7;MFv5Vmfx4pT1s7SQ;4
Pearl;cynicalWeaver0;nWurIJQM6s8Y7p30doN;4
Michael;somberMagpie5;4rdIvqn1KWRScHL65p9;4
Jane;betrayedHeron5;wcy0hBS7I4F;4
Mary;annoyedBurritos1;zRi8vWnH5bZJx3C6;4
Michael;spiritedCrane9;YDAp23FgjN9EovOTa85nr;4
Debbie;insecureFalcon5;nJ9x7T;4
Bobbie;dreadfulRuffs0;B4zlGYw6;4
Yong;emptyCheetah5;96iIQOdAqf3;4
Melinda;humorousGatorade6;xhDsqyHA8fiWQ196UX;4
Lesli;solidDunbird4;6PVjDBoc1wh5O;4
Marie;unhappyPear5;84HEmi;4
Helen;offendedRhino4;v8PjOIt9;4
John;mereLizard7;jVi85SZh;4
Roger;artisticBittern0;iZT28Rd0vsJ;4
Jeannette;wakefulFlamingo3;0D4gVFRcpZmItO3l8f;4
Stanley;brainyLeopard9;PyxIRh2gaXBZ98p5;4
Allison;abjectLizard8;3ESQbUah1v5;4
Michael;jealousOrange6;8KjToh4Q;4
Sonya;solemnPaella4;yucF9PZ1;4
Joyce;boredPie8;Ja5EvGn9;4
Leonard;excitedGatorade1;tZh403aHnMuiA7JUI9o;4
Laura;jumpyGarlic7;IK2B5DjUzvuTw3W94qe;4
Robin;pitifulRice9;7J3l5nyWU0bHKQqsSeDh4;4
Anthony;affectedCaviar4;0P9gcem5SGy7LKHp4Uz;4
Willie;boastfulSwift3;msCt4U8iXMYkB7J0zg;4
Ruth;grizzledBaboon1;HlFRybA49L78zx;4
Holly;mereFerret0;okf3AGtJP46MipUd5O7;4
Dawn;vengefulBoars3;k7Ea9Vl53mOInS;4
Willie;dearBuck0;bnALJ248dTR9wW5vyYkUf;4
Ryan;peacefulHoopoe9;ZbA6MGCKs0jdW94Nor3gt;4
Janice;holisticPoultry7;ZQuw0fLINqx43;4
Robin;wrathfulOtter5;A0Hli7mMYR6ho;4
Howard;lovesickCrane3;PvNpT4z6;4
Edward;solemnBoars4;U8CP7ez9Mhj4DdmfG6V;4
Joe;empathicCamel7;U2cu6Wly7XA;4
Dawn;cynicalOtter9;aKV6vcD20wrHqYI9;4
David;innocentPolenta5;6bX0dkZ7otYBK5sC;4
Nichole;selfishSmelt7;J5wB42GkhAp;4
Cynthia;crummyZebra5;en34TiZjGD;4
Jessica;unhappySardines6;z1CZ3cJAt4n;4
Terrance;grumpyLion3;Iv0F5rlKaM7VPu4z;4
Catherine;offendedSalt4;B6Nz7Qky;4
Denis;sheepishPear2;2Cc1fjNIoivu7FKO90A;4
Allen;peacefulQuiche5;H2wYg0n3S1CTbOcl;4
Donald;pluckyTermite8;Pma7Qo83zDkhFZp29uHJT;4
Rick;pridefulBustard2;BKVlxf3Nt0Sa72T5jOr;4
Ernest;troubledTacos0;DlFH8w50iVrORt96bLm;4
Dorothy;morbidMagpie9;4AJ37iIrXol;4
Bryan;crummyMacaw1;4dn1xACH;4
Linda;amazedBass0;pVk6IUu0fKW5y1Sc;4
Allen;excludedCardinal3;2R57nfaLti3EdMWQ;4
Rose;obsessedPolenta8;74nqKVsLe9ETpY5l;4
Dorothy;pleasedPepper6;zR2NbUk4;4
William;wingedBaboon6;ImRVQ6e7jExc32;4
Robby;adoringBasmati5;bIm7Jy52jRM;4
Diane;crummyCrackers1;ept2wBRCI38;4
Angel;solidAbalone7;AlEoFbYG80Zwg45sp3B;4
Jose;grumpyDoves0;sa6AY2jI;4
Ernest;zestyCheese8;r5FkV3;4
Brenda;offendedChile6;cF6p3HMf;4
Jessie;eagerPoultry2;UpTB6tm2zJeV74;4
Selina;dejectedWeaver7;OkB0R7ue;4
Ernest;forsakenTermite2;RZQ2d8vu3hN;4
Clarence;boastfulRelish0;Fyb2ModIvaZ14DHOn93Qu;4
Annie;crummyWildfowl8;65qdJR;4
Opal;decimalTruffle7;sGqpr7Ux3wSWZ246KcP;4
Mary;bubblyCur1;M87TgiZO1Enb0t;4
Edward;sheepishSardines0;23Jpsh1GOHrYyPg0;4
Jim;cynicalCaribou4;iE2lGB0Khb;4
David;mildHeron6;m8sK4GlY0ALf9p;4
Debra;murkyUnicorn6;E8OSisf6;4
Debra;ferventMackerel0;0qQOlY8Mjr5;4
Sharon;wrathfulMandrill9;QNHpD6lja39;4
Matthew;pleasedHare9;Io3uPVdb5NrW2;4
Richard;forsakenWeaver2;X6yGwBe72WQ3zVc9xMq;4
Antonio;artisticChowder0;8geWM1;4
John;affectedPoultry3;sZqV80;4
Marco;insecureBaboon2;pnqCkUDm19dt3Q6IP2G;4
Damon;crummyPiglet6;rnK3io0XDN;4
Jean;pitifulCur2;8NuSCE07j1hcXd;4
Susan;jumpyMandrill8;v3zXO1oB0Jc;4
Richard;jealousCow1;rZn5Bz49mfAjU7KO;4
Joan;exactingMoth1;9rLkwF1G;4
Willa;hushedDoves5;qE0hN2;4
Marilyn;adoringTacos4;RObp0Kma2ZPYsh1A4g8;4
Stephanie;joyfulPiglet7;FJ0t2l;4
Adolph;wornoutBasmati0;a3UNpYb20tAfW;4
Robert;scornfulStork0;og6G1qLIlF8B9pSz4kQ;4
Donna;yearningMuesli4;0eMGzSf87lQp2J;4
Casey;sadCrackers3;1vWhS6;4
Jennifer;enragedCur6;G3lB7Uuc1iI;4
Christopher;similarCod6;gUL71M6s8p2nGmOhJBj;4
Ralph;blissfulRuffs1;8Txw6ncK39ogIECX;4
Marjorie;obsessedEland2;ORmgS23b9Ki;4
Janel;forsakenOtter9;IOgmj821MUN5qLSdiy7;4
Theola;humorousSwift2;wBdZN3t4;4
Dorothy;grudgingHare4;68uc23vWXMTAko;4
Christopher;somberCheetah3;Ly9ps2QF;4
Deanna;pacifiedPretzels1;v2G4gtOQ;4
Betty;decimalCheese8;Sn3As8Nv;4
Ozie;wakefulAbalone0;LPwkoM85Iq7;4
Laura;giddyMuesli8;zG3QSh27pwT;4
Joseph;brainyGnu1;8mIAEjT57d1txKwZ;4
Latricia;amusedLapwing9;i7alZCP1fjTA4;4
Margaret;guiltyLeopard4;2OkWfZw4UY6a9x;4
Lane;solemnThrushe7;GhB6k1NM9J2i5FpnPbr;4
Avery;murkyDunbird6;4L1Nuv;4
Harriet;superiorLocust9;C4MdTm91WiE8go;4
Laurie;cruelTermite1;Omo74T9LEpg;4
Carl;sugaryMacaw2;nlAdM82S0bqKTHu7;4
Katie;stressedCaribou1;cq9SZiDoTBa60;4
Doris;guiltyBass9;oA5Bb8;4
Paul;selfishMacaw0;jl4Kp6SWnQ1;4
Kareem;boastfulStork2;ms71iLHI;4
Myles;gleefulCardinal5;Q0qk4HWz;4
Michelle;sincereStork4;pljLG04CxP;4
Robert;culturedOil0;GBykgE3tq4s0iV5ZQT;4
Earl;pacifiedSeahorse1;yaZMJkXFsxh7N90S8t4;4
Cecila;amazedTortoise3;AD43cpI0eSt;4
Shawn;cheerfulRuffs5;dCu3lI4H;4
Nancy;lazyLemur6;Vw5ObIy4;4
Miriam;insecureVenison3;r4SLCG8Dh3sy0Rvo;4
Harold;empathicTeal5;eGiA3XIl15dnUb2M;4
Benjamin;bubblyFalcon2;t0oYzK4C1Dj;4
Lorine;mercifulLlama9;tH1JGnp9mQ;4
Robert;chicCoati7;lJ6zLTe7;4
Mary;gloomyPup6;RhUL47jNwogT23;4
Tierra;aloofTeal7;Ubi4NhB1;4
Melissa;fondViper5;kR5MzfjpUt0YG236XPh;4
Pauline;ecstaticBasmati6;TNvenS0V2zAh4s6Ji9L;4
Emily;drearyMallard0;38JKScisET12PkAn5Irjq;4
Patrick;trustingWigeon5;48zT19sARdCkixXFQjY5f;4
Arnold;worldlyPretzels4;XcWp246vLrsB7U;4
Milton;similarMuesli2;CmHu98;4
Velma;excludedRice1;JQCg63zZs9uvN7Fp;4
Ryan;peskyPear7;9PsZR4q5H6jnXOgIf1u;4
Rose;betrayedMandrill9;tL9QTjf4;4
Caryn;peskyIguana4;srhCOI7o8A;4
Willie;truthfulPaella6;AVKdbvk6OQ9m4;4
Carol;lovesickPepper0;X341QtC5qb8SWGpAwyxiB;4
Alberto;solemnMagpie2;fZ8e0K7nMTBcr;4
Jessica;finickyLapwing6;7kPm2Z9SbvA;4
Lindsey;pacifiedVenison8;30T2iMGkYgt;4
Kimberly;tautLion4;HuO7e2;4
Salvatore;crushedMackerel9;8IVONslxErg073Ff;4
Maria;mercifulIcecream0;jBN4KqAoXuI5Q9e3Way1z;4
Robert;affectedChowder1;4NW72x1cPqjpZBzRF5y;4
Judy;empathicGatorade5;W5I8CrvVQ4h9wmS3uAl;4
Elinor;kindJerky9;5qQu8IlV;4
Michael;goofyGatorade7;SuI7ip9cmG6FP;4
Suzanne;cautiousSausage6;4h15MiuLDGo;4
James;sincereCake8;cH3jZ7;4
David;fondOwl3;qa3R5s9mLiE2OJ;4
Linda;obsessedCaribou0;62kdyzwIrZ30WXYR;4
Mary;excitedPorpoise8;ExDZbeY6u84;4
Doris;awedWasp5;6G7zEc8LYKosd3;4
Julia;ecstaticOrange7;8EBHbv9W6ngpSqK4;4
Marcia;merePiglet4;74Te8dXuIWkQzmSP9l;4
Lisa;awedLion0;cOBZRtibT5g8kN7Su4;4
Tracy;chicDoves4;9S2iTjWne0CLl;4
Elizabeth;similarTermite6;LjOS8kvJzr2Px1N6lB4Yb;4
Richard;pluckyDunbird6;6y0RWiGsTgNlQI5rb1;4
David;amusedCurlew5;eod5ThY4w9G8X7EqLDkQx;4
Bethany;blissfulApricots8;Wo7kBMm5;4
Robert;stressedRice3;wLBu61gaRC;4
Lindsay;worldlyBaboon2;c0Wv53q6Q7SjDrpZPhK;4
Fredrick;insecurePonie4;pvZ09qEU;4
Opal;insecureMeerkat5;2TyUrN3Yg1a0mJiI;4
Zachary;ferventSeafowl8;3y2mcBYHMsuV7;4
Jan;cheerfulBoars4;gjIWqDvaV601R;4
Stephen;scornfulCardinal0;Rx9PgCzIU6a2w4fN;4
Teresa;spiritedBobolink7;Y6aLyW3Jg8x;4
Andrew;boastfulStork0;50UtKLlg8dB;4
Juanita;needfulTruffle1;5ezXpU97MfiGA;4
Myrtle;adoringSalami2;EZ7mKvcGt4;4
Blake;holisticCod0;km0oLy34ZKM;4
Edward;goofyPorpoise2;ypR2TPw3;4
Roland;fondFalcon7;LY0wgdP7z6OAb;4
Courtney;mereOryx3;N3t58HMvPdT1on;4
Victor;boastfulGarlic5;1kQ0VCc36RrqUWeh;4
Robert;dopeyStork5;Y69RF20paXrBhAwl;4
Christopher;excludedGelding2;TagCiZ93BKth7;4
Ginger;hushedHare5;xjoF7CbSO0L8nGp1;4
Sheri;betrayedPie6;QnHTz3m2acS94K;4
Roosevelt;adoringCaviar7;djYSQam54X;4
Anna;truthfulPiglet5;W0eFk4;4
Fern;resolvedMagpie1;MO8ApeyfKuIzY301mJ6;4
Pamela;emptySyrup8;W2khVPM8Kcg6yDn5pR7;4
Leola;joyfulCaribou9;XFQ1i02khcaWA8pS;4
Robert;gutturalRice1;CognV6P5uK2j7QkRA0f;4
John;vengefulPaella7;yHR7L5hIGNir0vo6e1FtW;4
Todd;pacifiedDotterel1;bFkuhQE9n8MD7;4
Brent;eagerWeaver6;ktVM3i5O;4
Vicky;pluckyJerky2;n23JXLfq5hGrZoEz1A0;4
Carmine;ardentCaviar3;imLTQzG8963JetlN;4
Steven;truthfulPonie3;QU0Mp2jkcHxaNJy9X5;4
James;madRuffs7;Mr8HeYv4;4
Christy;somberFlamingo5;RKi195DTqQP2cljp;4
Kimberly;ecstaticMackerel9;5muB1okC6HX;4
David;sincereCrackers0;63YiGXev;4
Leonard;grumpyGarlic2;5kiJYS7t3PpufLwTO2;4
Thomas;debonairMoth6;8oqS6NLnr3PiIK4l;4
Diana;thriftyMagpie2;XTmxtHb8RzOMrB20hJg63;4
Shirley;cruelCordial6;Ws0BhPN7wXon6;4
Denise;awedBustard6;1gTuFmtC0E3;4
Elizabeth;dopeyCur9;l2PbahN9KvHF1;4
Effie;ashamedCoati4;uJo43pBE6FyrG9;4
William;exactingJerky3;Vpx2oAtTbeXO541Z;4
Beulah;needyOtter8;207JmRHUvqt;4
Adam;superiorThrush5;iXtU2pO01Bd;4
Karen;cruelLapwing2;FDZd6r2p;4
James;debonairBobolink8;2tiEAd9I6He;4
Lisa;offendedMandrill6;qBD0Gj91gSdXm4iV;4
Frieda;thrilledRice3;yg0J7KtD;4
William;troubledSmelt9;YgaN1P7tsh5GB;4
Susan;solidBuck8;T3lHDsd0Px8;4
Kristina;worriedThrushe2;JT3xkg2LlO;4
Joe;goofyCrackers2;vx28HgWMLe9qR;4
Sandra;offendedQuiche9;jRZhn78KP3a;4
Mary;joyfulGranola3;S2PXkD96oiT8cv;4
Malcolm;gleefulBasmati7;4unaT82fwEzxJ5ALPH;4
David;shySnipe2;Blp8C2;4
Victor;scornfulCoconut0;P3ZmuE9Qpi4;4
Julie;empathicMallard6;nBM8OxXw4v1;4
Ronald;morbidRaisins0;D0mB23vGeFi;4
Maria;wingedBobolink7;fBr6WCEkq3lDv57Kb1S;4
Kenneth;enviousClam1;zCEf8M0IRlbea9D3;4
Nancy;superiorTeal9;s9n0CZGp;4
Patricia;gleefulSeafowl4;DBHS9Ab2rnq5xC6e;4
Henry;lyingHawk7;v21AEfrL4pZ;4
Margaret;wakefulCake0;mMFjQ5gw7NGA86ah;4
Kori;ferventCod3;46uE5r9PknOCUtjB;4
Kristina;needyHare0;rfgPMt1TnV54H;4
Fritz;puzzledCow9;G8pAR9W3iar;4
Jean;fondLizard5;2lMKY5xPnj0;4
Doris;insecureBurritos5;fj2dBGzNc4AHQwl196W;4
Lottie;ecstaticBagels4;j0u6CcYtEL;4
David;gleefulGnu4;Uf7gDmrWv5P3oB4eG1I;4
David;gleefulSeafowl6;7YmQ0Glt;4
Angela;holisticFlamingo9;Sg3R6pJy5dEmh2XQ;4
John;grizzledOil3;7QDe5uiO;4
Ada;lazyLlama1;04aE6ndMRFk;4
Clara;excludedRaisins2;h3rYRQU5Wx4H6ogl;4
Brian;crummyThrush5;8jo4LP;4
Tim;worriedRhino7;DrEGL4s9i7Sut;4
Eva;grudgingTuna2;shnSLHG38fAFi6WpD7eo2;4
Ricky;adoringSeafowl2;u4p6fAXki5QVScN1;4
Harold;panickyDinosaur4;FH5gUlQ6D9x4Kzfa;4
William;sheepishLeopard4;8TiNtuR7jA;4
Wilmer;offendedSalami7;9AR0tDnih7gVS;4
Mary;shyTeal4;3yvOasSAM0wER4k7;4
Kathleen;decimalThrushe0;YS2skJOL4Br9zly1;4
Everett;offendedPolenta2;RF6Zk8qgyV3;4
Ramon;gutturalOryx3;Ykl2EUf6xJMu4rW8;4
Pam;puzzledPonie2;acP5G0JDUg432zqjSKp;4
Venessa;worriedCurlew0;0w68cJheurBN2VXP;4
Deanne;pacifiedDinosaur1;G9qLg6Nj;4
George;insecureLizard9;TnsqJ3A7;4
Felicita;solidBasmati8;lAJ2Br6Vy7p;4
Ora;gleefulQuiche2;mkBWp05aZ7jCAwN8;4
Gary;sugaryMacaw9;IL6vtjS8mDpq9gPB7CX1o;4
Robin;ardentCrackers9;C5Gv0t;4
Faith;vengefulLeopard8;UM8b2FRnN7soy;4
Betty;selfishPlover3;oSD0Yn23R5eNsw;4
Terry;needfulMussel6;4Ut6l8uzERWJDkqe29I;4
Victoria;obsessedJerky4;S6rtbFI8Pv9;4
Lucy;crushedSwift7;c5u8j0GpXLM;4
Yukiko;blissfulCaviar2;qCdpKQ0xg8J5YBH9oeZn7;4
Juan;puzzledCrane0;3n8ZirUNlb5QY7mc2GA;4
Oralia;lovesickTomatoe4;31wWzhATq0KkX;4
Linda;sugaryHyena2;Oz9NlS31tsT;4
Susan;wearyViper5;PE07sL15iTgaYzrI;4
Wendy;jubilantOil0;TYhCuk6V7f;4
Debra;pridefulLemur0;9fEb6VQ0vkrBW8eAH3h;4
Joseph;jubilantApricots4;Pqsd04SfD3nbOt7V2XJyK;4
Miguel;pacifiedChile9;f0GwZg5S4EpzN;4
Michael;exactingCordial0;BC7s12SY6wex8PpFWrb;4
Desiree;importedSeagull3;BmbgXlN9HxY18sJ0;4
Thomas;guiltyChowder7;VeFjW8Uf24w;4
Lakisha;grudgingChile5;QHUIo29lxfDj31;4
Robert;mellowGatorade1;vi1OX3hL;4
Linda;gloomyFish9;uD7BepU8hPsK9;4
Shaun;brainySalt6;A7ZNDcil9f1;4
James;goofyPonie0;B4deCM9l38v1hVFgNYf;4
Antoinette;sheepishBuzzard5;GuE0CVzp3Xod18Ms;4
Maximo;madCaviar0;hKec1pZ28Cw5RNEa;4
Sharon;blissfulCordial8;mrLu3Q8V;4
Benjamin;aboardCardinal2;qlXNPv56CocAZ4Raw8;4
Catherine;ardentFish6;3WM9Ynux;4
Timothy;forsakenLlama3;WaFhT97VJk6RGnA8yub4g;4
Mary;abjectWigeon4;XDa4FZ6g8tuWc;4
Gilberto;enviousCrane6;D7BlJr2s;4
Elizabeth;jealousLapwing9;NwOAr6zZo37;4
Katherine;grudgingCaviar4;Qd58Pv;4
Mike;emptyMallard8;4hEGS0F2deb8RuLDpU3xk;4
Frank;emptyVenison9;Xrsjn47kIW51vMOxNP;4
Brett;awedTruffle5;0Hej5kVY;4
David;offendedDingo6;94uKdODhA16GzklM;4
Frankie;soreSeagull4;8QdRiN5Acy6;4
John;selfishJaguar0;dY7a3qjuB8HZFPvi5S9;4
Robert;goofyCockatoo9;1IKdCkXb05yWY4rx;4
Robert;shyZebra9;S2GyhM396kHumC;4
Samuel;dreadfulRat8;E40ZPSzmfkp85CvT7Lw;4
Michelle;pleasedBaboon0;3u6eNUZm;4
Delmer;thriftyFalcon7;VSrt48;4
Mitchell;solemnVenison5;R2inPbI5pF;4
Lea;dreadfulWeaver0;BpDf9Jd48e7PKtmxY1G;4
George;mercifulHare1;ZN82zGvu;4
Peter;aboardBagels6;36GJPTmjrx;4
Sharon;hushedUnicorn5;FlRW6w2v;4
Patrick;pacifiedIcecream9;HJeCfibAsT956Kd1Uo0;4
Michael;jumpySwift1;wPkQ1xL43Ml;4
Lee;sadOil5;rTjxD4y7qNK68L;4
Gilberto;unhappyMuesli7;sFjyM2I6gE4;4
Bill;anxiousMacaw2;kDL4y9wI7qO;4
Dayna;empathicOwl1;0J4m2toAgDPnF;4
Jonathan;worriedEggs6;vPVY451ROxmut;4
Donna;thriftyPoultry0;0A3cwTHoa5J;4
Alan;selfishBuck9;tqF8kAS7;4
Jacqueline;decimalPiglet1;uYjE5L28WaMibk1DT7z;4
Billy;shyBoars6;6pDJ5w2RlvaeUH1VIb7;4
Irene;relievedPretzels7;8w7Y5JQbSns;4
Richard;yearningOrange1;X2wJUx8f;4
Jimmie;lazyCardinal3;KXyoW70NkPpl12;4
Steven;kindSheep8;Wvm1qbUZh9H7GaL8;4
Bessie;pleasedDingo8;jCbw40PD7Mi;4
David;tautHare5;4T5Z1n2IBx9cdSmCqhU;4
Jack;jealousHoopoe2;aB71Ls;4
Delia;mellowDotterel7;HBE0ip9Po8h;4
Erika;kindChamois1;9GiaQ5v1cRX;4
Keri;ardentChough0;sun58VXS;4
Deborah;wearyBobolink1;jVvTtXlLJP51ckM30rIz4;4
Dale;curiousChough9;awS51Z0WexL4P7OcjpC;4
Ellen;joyfulDove8;wA2Td786pkhQnGJZ;4
Lisa;giddyLizard1;8O92yhIgUxCsV;4
Lori;dopeyLapwing9;kQPj1dNh2Ab3L;4
Carol;pacifiedCaviar7;GdU6N7FoM5zne;4
Edyth;grizzledOwl8;JQwSZtz9q32Dge5K;4
Kenneth;finickyBittern1;q2MFl90WTdu6OvU1ceZ;4
Sonia;aloofAntelope4;mFkbO15B;4
Bradley;grudgingFlamingo8;B8vIbO670dgMhL;4
Dale;jubilantDunbird3;V9BLR4kuHpfGl210chW;4
Michael;crummyLlama7;OynYE4r2X0gFv;4
Linda;decimalChile3;usNrAS5O3Pzp10;4
Ervin;cheerfulOwl2;HI4nhDu5OVAjc9z1;4
Brian;soreOatmeal7;q80hGMjL;4
Joel;unhappyMacaw4;e6yFn9HlZ5L;4
Patricia;adoringFish7;JKtl1ixF9O0;4
Marjorie;cruelSnipe8;RGXqd1uow9DA3ciK74S;4
Dorothy;culturedBustard3;jWXSkv2c4JpQGh60;4
Joshua;somberRice5;zK60YxNv9y3mWjDB;4
Mark;superiorChough8;R630Ys4Q1gUjrnthSBF;4
Robert;mercifulFalcon2;EGqM5dfIBn71Sw86vLo;4
Mary;aboardCod1;48IiDNGjdm5;4
Margie;decimalCordial5;ibVAw702gtRBE6;4
Allyson;solemnFerret5;xRA8kw5I;4
Donnie;wrathfulLizard7;vxzf3wK0n8R1EXOG;4
Betty;innocentOryx2;e0WKnvmYN87;4
Ronald;solemnSyrup9;8vU4KXrVwp;4
Millard;outlyingEagle5;DPJTu7vEflq82;4
Jose;pleasedOryx8;Aj02CwJ36yFGPkoTpf9;4
Danny;wingedCaribou7;S20tFk;4
Jason;euphoricCake8;mOCpTWJ3G0Bk56lu7cq;4
Denise;anxiousChough9;dQkAV3r2;4
Janice;pluckyLion0;7qm2A8z1ZhHUvYEb;4
Jimmie;similarStork0;18rlFgPN;4
Betsy;boastfulBustard1;dWzFs39XS4k;4
Elisabeth;bubblyFerret9;v9h7bIKJ;4
John;contentSnipe5;PEz162lDyRjWu;4
Ethyl;pluckyLlama4;ori9AG6a3hg5LZRN;4
Daniel;alertPear8;F13lzEHy;4
Michelle;mellowJerky3;2Vl8Lp;4
Christopher;grumpyChowder0;8B7bWrtvMwVZfaD915sCA;4
George;superiorTortoise2;Ex6S4dKFcqnG0;4
Richard;worldlyBass5;I6Qf1lHeJ74odFCa;4
William;boastfulBoars4;3wsq25KGBiQjJ;4
Susan;sugaryRelish5;QbPg42ZUsh;4
John;gleefulTuna3;Zg1u095Wl4eQSGbYfMw;4
Christian;crushedViper8;OK42zCwJ7lDqsX5f;4
James;chicRice4;bPn6WXoFV5zhSt12cJ8Ok;4
Jean;stressedOryx2;YxUPz507aF1Tlw;4
Jonathan;joyfulRelish4;ebix1YdpUW0FqAJ75V4;4
Marcela;murkySnipe7;vo3xX6WhGrK2D;4
Lois;outlyingZebra5;Z0mI1duU7Ev;4
Pete;dreadfulRuffs3;NG0myT2c39zvOILf;4
James;gutturalPonie4;90dEbfy3TkAFJ;4
Maureen;wornoutChamois3;0s1g6FjWUCe2iO;4
Ellen;trustingZebra8;fmzqG92S0PAl1gDK;4
Penelope;pleasedHoopoe0;6JHj3wzK;4
Frank;gloomyOryx2;MmN49KCywu;4
Derrick;grizzledIcecream7;M37usRjU;4
Ronald;exactingBass5;lZ9DM1kc;4
Fred;excitedDoves9;3NgGHF6iDZd8Luky42e;4
Jacqueline;jealousSnipe3;sJqj7Rp0GS2;4
Marilyn;mereQuiche9;g6Fh8w1o2mKZS4czYHB;4
Michael;decimalDoves5;ic2OMDl08eK;4
Joe;scornfulJerky3;7bT25OcYUru4FxJe;4
George;troubledRice6;cFKnSwsBb6IvuR53f1ZY4;4
Robin;pitifulPlover2;X8YfaG9M1gAwy2Eu;4
Gregory;murkyTeal4;pXO14lGYc0a;4
Yvette;murkyWeaver7;TJ0qA6NIgl8conR5eF;4
Robert;gutturalBustard0;Z01sOAauW48U6XzlfGy;4
Amanda;blissfulPaella3;81KozABGs9i;4
Brenda;zestyCheese9;SYMc2N4ivj9;4
William;dopeyMuesli7;A9tkcGK3oC;4
Irene;brainyLard4;f7JG9R1asO2neCY6kPz;4
Jason;obsessedPretzels3;tH7p4ulKI3sD0M;4
Joseph;goofyBass2;itdjXS62MEh4l3Ke5FmWO;4
George;annoyedPudding7;8IQnh4;4
Dylan;debonairPolenta1;w3dS5fWX87iNBp;4
Jamie;grizzledGarlic6;ZTJ7DM0SkrtpQ845ocd;4
Jack;blissfulOatmeal3;bWSQB9yKx7w3Ndc40Ye;4
Heather;drearyBobolink4;X43lGb;4
Larry;grudgingKitten2;1D5IP6qjg8oTvZsXa9F;4
Mary;peacefulApples7;hdR13MlL;4
Kevin;cheerfulPretzels8;QEe4b3;4
Anna;brainyRelish6;C7YExiwQq6;4
Tonya;lazyLemur5;bgP1cMNB7z94ZfwA;4
David;pluckyPoultry2;SievJ4G7d8X;4
Gloria;selfishFerret4;dSIWz7b1;4
Doris;jealousPie2;Xse6xZE0;4
Margaret;worriedMandrill1;7hIk2oiO9Sm4sQJX6vT;4
Jason;hushedIcecream2;Ng0puYR4jW2;4
Mark;pacifiedCoati9;Ey3k0LiO92dWjlXKpH;4
John;shamefulBoa6;GlwFL4bYigRh1U380kAZe;4
Brenda;mildWasp4;BNGVdK4Rc5zo10sq;4
Billy;aloofApricots7;J9lVXMsthW6Fn5Yr2b3eI;4
Dora;forsakenBagels9;XsMfkYnw1o30I2VzhP8NQ;4
William;crummyBuck1;6Zu2wTPjoI;4
Rudy;curiousSardines9;TpB2x6qL;4
Harriett;peacefulCake6;5Xm2FlNa8Cg;4
James;morbidPlover6;P0xfdt9TVB3;4
Kenneth;peacefulLapwing1;7v6fLnOIyapX0C8N;4
Magdalena;somberViper5;0vFKIt6LkQp5r;4
Archie;somberPaella7;I7b3geWH;4
Brady;madHoopoe1;w5ljtB0X6uDO3iGAe9P;4
Jesus;giddyPiglet8;ZqSox63J;4
Eric;innocentHyena9;QtsACp4abG73P;4
Terrance;wrathfulPepper9;2fV7neYE;4
Kathleen;annoyedRuffs2;65XTl7mFeACM4brd;4
Kelsey;aboardBass2;APgex3z2HLk06CfM;4
Angela;pitifulHeron9;34wqHTJD6Sc1bhmU;4
Fred;worldlyPretzels1;cPD0gzh3fZIX74Ab;4
Richard;goofyJaguar5;pd8Y9S4cmOV2Qv1HxbT;4
Steven;enviousChile3;98SpuLRewaV3FoDK76b;4
Robert;artisticCheetah4;M8LPdWvr6HBx1ag4;4
Tina;wingedHawk7;nWQpg9d8LE3tD;4
Terry;dopeySeahorse1;gtVD5M9s;4
Karen;cheerfulSheep7;Vdr2tjNFW7;4
August;mercifulThrushe2;9EyXTue4xD1wd0Wz5IK;4
Marie;needyBoars9;t7SikZ9DhJ28d3LuTNn;4
Martin;resolvedLeopard4;xKew4X7H;4
George;troubledDoughnut4;19EnjVHPu7w;4
Rosemary;blissfulApples2;hl6bLc7EtYKX3;4
Evelyn;boastfulThrush2;1snB5Q;4
Bonnie;gleefulOrange3;ikIwA7eJ4PuzOW85;4
Joseph;holisticMagpie2;P8g4wUit7qCmBJ9Q;4
Lillian;ferventDotterel8;vUyV79;4
Laura;lovesickDoves7;yI8l02caCHG;4
Bryan;madVenison1;W2r0Os;4
Gary;decimalSalt7;i9Ho2RI7x0tEplSN6Pw;4
Patricia;forsakenTomatoe5;2STiWfEs9GXR6oq34kOwv;4
Julie;wearyLion0;6mp7O0FI5ekaUY;4
Heidi;offendedOrange8;nhiK8RH26aN;4
Samuel;cautiousCrane7;lGjv0SQX1c;4
Peter;innocentWasp7;bNU0Jo1Ijm4;4
Debra;lovesickEggs8;TnMYat1cgV2F8Jiz0G9;4
Christine;eagerCod4;GD4g28qhCr7F6WRijaK;4
Jill;mildApricots6;70VO6sEkwuZKl;4
Thomas;euphoricGarlic8;vd3MQ0;4
Tracie;gutturalMagpie2;nR036mX8iOZkEf;4
Robert;betrayedBuzzard4;3rlI2UyR;4
John;jealousDoughnut9;Zs7LeBiT9hfvH46z5KC;4
Ines;wornoutLapwing3;hEnLHTdc5z31CUfJs6;4
Cindy;relievedBass5;XvN6jJHyFrdtm0Q349IZa;4
Kurt;cheerfulCod6;nSi0m59asWTZA;4
Rex;wrathfulMagpie6;MbcTEufahSs5378PRA9;4
Jose;insecureRhino2;wyO9xZH3;4
Albert;aboardBurritos4;dvz4tk87K5GXqgF0OUZ;4
David;solemnBoa3;ajhMP3R0;4
Taylor;merePiglet7;Uir1gFP69Cx;4
Janice;brainyOil8;wdXHGv3V1h0;4
Ruth;anxiousSalt2;xERcf6iVbGY40lpAZ9;4
Anna;truthfulRice2;ve5WslR9T0F;4
Robert;eagerThrush0;Fr1n7te40vsIUXpJDE;4
Mary;mercifulFalcon9;MPYkfspA162;4
Alice;shyCheese0;hD58v9QPpkOfT;4
Roy;excitedEland8;715mXMvAzBx8PhcK;4
Steven;jubilantLemur3;VmL5Y9gpH0KyuD7o;4
Russell;ecstaticDotterel2;I4Sm5r;4
Juan;shamefulOrange5;6YcshXM4L1DRlf5y;4
Betty;cruelRaisins6;0qe1XcPfvJg2G87xEIH;4
Janie;lovesickSyrup9;4ygTKjrWC93;4
William;solidPonie1;HDi31yBY7ot;4
Chloe;thrilledMackerel7;h68Pj4kIXOzDn;4
Hayley;aboardSwift3;8Fhr4boAQP;4
Jan;exactingMackerel7;8pguOdWAESX7Gf2b3n;4
Janette;offendedChowder8;1nWJP2Nc5Ml3Kzfr;4
Lynn;pluckySalt9;PkobJ3x8fTqZ74VMy0D;4
Maria;offendedOwl1;h0rGzR2y9QY;4
Fred;importedHare9;XsC27iKE0PzoZt4k;4
Charles;emptyOatmeal2;fQM35qRCdx7m9P;4
Katherine;scornfulRuffs8;Rqm1oFOx8V9;4
Jennifer;dreadfulJaguar8;kTA1J9K0yWjoIGLugwl45;4
Marvin;debonairSmelt8;Vc8x0Agd3vTIrFO1;4
Kristen;pluckySeagull2;43Z0Vfm7xFbKMn6RBwk;4
Angela;pacifiedWigeon0;TqxL69;4
William;brainyWasp4;dF06TfPhD1g;4
William;annoyedLeopard6;u4Bs6W;4
Jennifer;emptyBasmati8;6iSMNgO8Vj4v5b;4
Adam;curiousPepper3;MjeS8uDTWJG96razdy50X;4
Susan;puzzledRaisins3;CLG1T6KvB59tsVo0lzi;4
Raymond;stressedWidgeon2;uyHcNQd9JM7r80Po;4
Darlene;pridefulRat8;x3kUPB6v09igfHFW;4
Steven;gutturalStork4;8HibT0mV;4
Bobby;ashamedCrackers9;AoPQ5m2a;4
Larry;truthfulSardines7;V2k1mzIF;4
Mary;pacifiedCheetah7;o6MQqWb5sJ;4
Edward;worldlyMussel0;tAlwq19PJ7EhgV4X;4
Brian;excludedPie9;19YUg5mFz8NRdekV;4
Julia;superiorBasmati4;NJmpfeC40I7;4
Roseanne;betrayedCoconut4;w0R3hD;4
Cheryl;pridefulShads9;8oiD6gh5EBPs1ANz;4
Robert;importedTacos4;o80zUrVyKNMv9;4
Carolyn;wearyOcelot2;ZgCtfSD19o4;4
Christian;mellowOryx2;h4E6UL7qKcd;4
Harry;tautAntelope5;c93InU26JgdYNf;4
Kathy;needyJaguar9;uR1Qw5enhOyJPV29;4
James;pitifulPoultry0;cM1KelWyE98iF;4
Stanton;relievedPear9;N9Xax4mDL83yglVK;4
Bill;goofyThrushe8;Ss2LX9xPm4c;4
Guadalupe;jealousCurlew8;t7p8hZNzLs3HO5Rl;4
Suzanne;cautiousPiglet9;59hVbaTrPn3OZ;4
Vincent;wornoutIguana3;uLZxar65fFR9Q;4
Edna;spiritedCod3;374JXxneSbo2LkE9McGHg;4
Sue;peskyBagels1;o6aRbA0Q;4
Mary;worriedOatmeal5;k3BtRou8J9YTw;4
Matthew;unhappyMacaw5;5PmvxrRDO6;4
Cheryl;guiltyMandrill4;ubMmqG840Y9vLW;4
Jerome;dejectedPolenta4;IrSB5lL7yj6nQ;4
Willie;pluckyBustard5;3WaJDNeb9lZE67niK4h;4
Nathaniel;madApples3;5zLtHb3B;4
George;dreadfulRelish7;tCi52Q;4
Sharon;tautFish2;8rmT0s2gSIP;4
Victoria;blissfulKitten8;4bAXpcTMsPy20mO9;4
Jessica;mellowSardines7;5SoP3pzkD9K2BtTf;4
Elaine;goofyLard1;EFI4WBf9hrx1o;4
Debra;gutturalLemur6;DP1QBfdTbGkvScx759mK2;4
Jerald;blissfulMussel7;4oAa6FsqJ1pWfBU0dP5;4
Timothy;crushedTermite2;USpnz1Q9;4
Gilbert;insecureMacaw4;7Dv2Io9LnZk;4
Mary;peacefulPoultry5;RjsnX3rCT81Wa4;4
Harold;cheerfulHawk8;R2s5e6jNKSa;4
Lauren;gutturalPudding5;Uck1qN4E;4
David;grizzledGatorade1;mcFDz86S3Zq;4
Denise;giddyQuiche0;67EuzDfV;4
Lynne;trustingThrush7;Y53ndQF2Hgk;4
Linda;decimalWasp3;D76ic3AXwr4zvMUC;4
Ronald;solemnGatorade4;XQWFH9J4gp2tBmieb1;4
Lorraine;pleasedKitten9;lpoFyin8ELG4HU12;4
Bobby;euphoricCamel0;k5YLTwyma4FD1X9uhE;4
Johnnie;guiltyFerret5;4mb1SVlaNA3;4
Stacey;offendedBasmati0;7IeY3yP9nxEjD;4
Ivette;artisticSheep5;16Bbsr49vyqMIHOQLzDp2;4
Eleanor;grumpyIcecream9;5qv3WSE1lTe4wUCh;4
Erin;wearyRhino1;LdR62k;4
Michael;obsessedBuck3;S5zb9Y6mcFJd4E;4
Victoria;boastfulTacos8;ak63Mi1PvIK;4
Rebecca;abjectSausage0;IPt3qiCp1S;4
Annette;tautHeron1;r9f40hUXAboWOCi6;4
Bernard;superiorSeagull6;UuvPk1RQXi6fM59m;4
Diane;tautPlover4;2gdn7H8GMzp4rFkJZj9OI;4
Joanne;forsakenHoopoe5;1Fk7EBxa3cqYT;4
Doris;worriedCamel8;6VhJoT4j2vB;4
Amanda;obsessedBuzzard4;82MQiCuAJ1srxW3m;4
Brian;thriftyViper2;SiDkwX45Mt;4
Joshua;dearMackerel6;y3df84lKJNTVWm2a;4
Virginia;chicRat1;NSnt5A7Ule8;4
Mattie;boredDinosaur7;NpKV86my;4
Amber;mercifulMackerel5;8KNJ4bPk0xYL2yqSd1i;4
Maria;boastfulCod1;jIVvoQ68;4
Robert;morbidCod4;JYur6K7b;4
Edward;peskyBasmati8;3sJOwhKTq78;4
Wilfred;worriedPlover8;HryDOX5ktQ9p6;4
Joan;panickyIcecream5;agYQ8OKz5her4uMXH7;4
Margot;worldlyHyena9;vS2xzHoC4niIP1RJy7;4
Kevin;abjectWasp4;rIKz14pO;4
John;ferventEggs3;1LSX0U2iadq;4
Eunice;merePear4;3RF145inrytxmGXZIL;4
Avery;affectedCake2;N6hukKvHM5Sw3;4
Joyce;cockyChough3;OiLg01Vmp6E5nrKZ;4
Joseph;betrayedWigeon9;Xe8HtnT9yE72sLWIh6z;4
Bill;blissfulPolenta4;o93Nin7HKJk;4
Susan;goofyFalcon1;q5F0xkLjA7u3JhSY;4
Carol;awedViper3;8TuMBbqC6z5;4
Debra;thrilledDunbird1;jbAEL9q4;4
Jesse;mellowBustard0;Y0iGh2kOy3gHmK8b5UI;4
Amy;mereMallard6;eFqD7E65sTlN3WmtIf;4
Thomas;truthfulBaboon3;EeuI6lzTCr1HM4d0;4
Joyce;sheepishSmelt5;92sLkzFRSrN6Vw8i;4
Travis;bubblySnipe4;iw6Mm8RTQ912qfDXPvp;4
Rosalie;panickyPolenta8;2h48H0dImUGbWp;4
Jennifer;gutturalPepper2;Kl8BtwJ21Wq;4
Kaye;kindBittern4;wthS2LQ4;4
Helen;needyMagpie1;VK84zmDarY5PAnhO6t0;4
Stephan;lovesickApples9;0J2ZcCuxQyAn483DRpo;4
Deborah;thrilledSheep2;h1uFmAwfgRS6IT7Jz24iY;4
Joseph;ashamedFerret9;VPIqc8n1;4
Kenneth;exactingCoati8;PuWF8doy03I;4
Anita;gloomyQuiche8;LrejXxcJ7D96A2;4
Julius;offendedCaribou1;k01J5LNqtSHnFCvc62o;4
Phyllis;soreGatorade7;r1FtkUMIeOaiS6sm074XD;4
Edith;empathicFalcon5;y19j2haRULvPi8KX;4
Terry;pluckyCaribou2;Dw4cXdbsMnB72V3H;4
James;sheepishPretzels1;9k8Whocl7Am6MYNr3ST;4
Frances;worriedCardinal0;9e6U4vDms8aOGtBE;4
Rhonda;betrayedIcecream5;o5uYa8CpB4G;4
Daniel;cynicalApricots4;iCZnF41d;4
Billye;exactingFlamingo5;4201NiMzCyoFSgVl;4
Marcella;affectedPup6;G9siQK37Xzx5pkSU;4
William;wornoutTortoise9;AaktKw4SQ6M5r;4
John;gutturalPoultry7;1B8tEDQKgk3wd;4
Jimmy;offendedLemur2;23XNa9WdxEtcG5wO;4
Tamara;thrilledRelish2;3PmD6wLs18eSTa;4
Rebecca;guiltyCockatoo7;9Y6yhPTqd4XjW;4
Michael;crummyLemur3;7Lj9J2nYqNr;4
Linnea;mellowHeron9;5HgYZ6asi4G;4
Ira;ecstaticOtter9;UNxMzq0g2I;4
David;shyMackerel6;TpQWRc74dv6yI;4
Genevieve;exactingCockatoo3;L6RvP7wnW5p;4
Lillian;lazyDingo4;d8PTL4tmQnyzE7M35pW;4
Clifford;ardentPup5;57WzqDiS;4
Rudy;wrathfulSheep6;q0nptU7ZLX4;4
Mary;cynicalBurritos6;TASCiox2a6;4
Chris;alertBittern4;JeRFhtLrpX175;4
Colby;pitifulWigeon9;m4MI0y;4
Eric;sheepishOcelot2;qpKOs4ho7u0t6X8CVEbIS;4
Michael;needfulRice9;1PDoyIz7;4
Michael;thriftyRuffs8;3ylbJmK0MI;4
Andres;euphoricCoati2;Ok5dYZr9;4
Judith;importedMare3;va7k2ErVeX6HG;4
Sean;madToucan4;SVRcz8a0pI6YWJt1ox7;4
Mark;ferventQuiche4;0Xh2u5crMNHOaTm9jD;4
Ben;wingedSmelt0;u2O5qzCF6Rv;4
Christopher;boastfulChile5;0MCfJk3vgQ;4
Thomas;crushedLemur1;AL7od1HxJz;4
Dorothea;resolvedSheep4;gpdDb9Z23nW4JmCB;4
Carla;madSardines3;Upy75kKV;4
Letha;worriedViper7;7i1qRHEnkL3aZuoS6J8;4
Elizabeth;pleasedQuiche3;olZnLPFA4u5p76;4
Amy;anxiousSeafowl8;MAr3P6eb;4
Richard;artisticTermite2;QKRE0Dzm4cl7b;4
Lucy;worldlyOatmeal0;VviFzeANEp9g74Wn8S1;4
Timothy;ardentPaella0;SM2hm9ge5AqoP0EG;4
Donald;exactingLocust7;dwOC4J2t;4
Michael;hushedOryx7;5VN6hKferbA7G;4
Anna;solidRuffs2;t2kJMiYTby9W3PZp7maB4;4
Wade;offendedPorpoise1;o2Mpn3N8ULz;4
Jose;ferventCake5;JM5Dyw9m;4
Michelle;anxiousMare6;Lq5YT79hBku;4
Daniel;lazyEland7;9FbL6Z3oSAksx;4
Elsie;debonairSeafowl8;47KfyuhHaV8GLmO1;4
Arlene;holisticMackerel1;58qHwaSM;4
Patrick;crushedTeal9;4H56VGUguqz;4
Noah;selfishSnipe8;1YnKe4oR;4
Christine;peacefulCordial3;TImO9d6Cyg4;4
Alyssa;needfulBaboon8;drGsT086XvJR7z;4
Hilda;soreBuzzard2;mG4Or6tT;4
Douglas;resolvedOil0;1DPzbXg7Bu;4
James;pluckyLion1;3NVD0flrZu;4
David;jumpyCheese5;Zfi1Un9S;4
Micheal;enragedIcecream9;a4AwOH1d;4
Mike;peskyCamel9;AdNRIq7E0wk2h;4
James;culturedTuna7;5q1FQL2vWlx;4
Lorraine;brainySwift8;eHDg81ckTKUz4;4
Dorothy;gloomyUnicorn6;U0RLWN48hmv5ricQ;4
Charity;mellowTeal7;Kt6VaPs4exMlL89A1Xh;4
James;decimalLapwing4;Bs0eh6AP;4
Phyllis;amusedBass7;Ozah0iRp5T49NQ;4
Dennis;worldlySeahorse0;1xKNTem90WjwogDP8J;4
Andy;exactingLocust9;x43yaOK0TrF;4
Elliot;excitedWidgeon2;0NBDbQKj3g9qd;4
Dina;grudgingPiglet7;pgxU2BH4u8F;4
Donald;chicHare7;Jt3Xp1sN;4
James;fondHawk5;D3R4XU9Aj8IvuFqeo5n;4
Aaron;anxiousMoth7;CXwqVjyoR6n1Z87sJA0;4
Yvonne;brainyCake6;eyjiB48DGK56qwNI;4
Marie;thrilledPup1;7noPugKHt5E0G8yB;4
Frances;giddyHoopoe7;JcR1nMT4ZezgB09f;4
Geneva;soreRat8;uLR6n2tQ;4
Pamela;fondClam4;k4yEo2FC;4
Gary;dearOtter7;X8clO20daUH;4
Charles;humorousSeahorse6;KmOw6sh0YA;4
Gary;curiousMuesli8;Ok3wRbUNs2;4
Bryan;jumpyLlama4;D1mOaCZn0lqiB7R6;4
Helen;anxiousBasmati8;Q35IlefZXu;4
Elizabeth;truthfulBuck0;R1lj9LuK;4
Sandra;stressedPudding4;7r0p15HELKYNmkq9bOu;4
Rebecca;wrathfulDoughnut9;UJ17lzeZ6DgOdmHk5G4;4
Verla;lazyPonie5;e8E4L9QMnxhVt;4
Patricia;scornfulDinosaur8;pokDy8IJ1e5UHc0B;4
Fred;amusedIcecream5;V3aSz7Ft;4
Brenda;enragedBoa7;BxiUGZa681c;4
Ericka;goofyPoultry1;sq540FN8aVjKOkuQ;4
Winford;forsakenZebra8;hlMi32CX;4
Arthur;adoringCheetah1;WO058XDvjky;4
Karen;goofyOatmeal3;84VxwNUd;4
Linda;wakefulApricots9;F26ItYgcP8ujL;4
Danilo;eagerWasp2;xOcZRl0jGbM92;4
Sidney;grizzledLard6;yOk2GQxCeI8phA37;4
Laura;lazySardines8;342pRmjIvdlqO9W7NHX;4
Gary;affectedCheetah1;1FPgfpv4rWB0YDy6;4
Marilyn;scornfulCaribou9;Y84pAcGr;4
Rosie;eagerHyena8;i74W2vBalTdXR;4
Barbara;soreRhino2;4AS5cjHvWm2wy6IOaVZz1;4
Sharlene;spiritedOrange9;rm3zEPnF4J;4
Cynthia;thriftyCaribou4;z9J1cHoCOv8x5G;4
Kareem;holisticSausage5;lPopMF2z1AC8Eb4v;4
William;cockyCurlew3;8gUDlx3YMEq57imC;4
Brandon;awedDingo1;yTz2j16D3AMgc4qZSxW;4
Christopher;pitifulOtter6;JbMuL726sgB;4
Fannie;panickyCardinal4;iW0X8DczIAgo6EFb71u;4
Dawn;empathicFlamingo3;Iv5JklTpW2;4
Janice;panickyGnu8;1vqWfTO7;4
Sarah;annoyedCheese1;M7L6Xdm2RcuSs;4
Patricia;cheerfulOryx2;rlICLJ5m90o;4
Karen;yearningEland8;zEawPCtOJR7uyx1D34;4
Esmeralda;relievedLizard1;3SlG1AwQeo;4
Shaun;grudgingPoultry5;7R4LgoKTZia5q;4
David;abjectUnicorn6;ZL2amlqI5XCh4;4
Christopher;cheerfulChile0;ZB6khz3rVAoS07Ge;4
Jason;soreOrange6;26v0gYbqXVG;4
Josefina;wearyCow9;imYrST71;4
Gary;spiritedMacaw3;nU31Vm;4
Edgar;cockyCheese3;kZJvnS627YAhr;4
Justin;cockySalt7;P6Gfl3;4
Jack;cautiousAbalone0;SCVs63oNHr8LJc7pu2i;4
Steve;cockyGnu0;7i2srVZjmH8GX;4
David;adoringPup3;6bS0Jh;4
Anthony;sugaryCur2;uld807EGUypJPN4r;4
Harold;lazyWhiting5;AmBf7tQ9F34KSDhjui;4
Vada;fondWeaver1;XTs6LexJmS52R1ig;4
Betty;ardentSyrup0;17pxSaiH3ge5PMlDEkUJ4;4
Carl;selfishShads4;fmsT0JY4;4
Rhea;thriftyPoultry8;SpvT3Uy7;4
Lanny;unhappyCrackers0;Q9V5Fe0Ac1vrwK;4
Dawn;solidPepper0;vXd7VN69ahI;4
Anne;euphoricStork2;71lFzPaQ;4
Tyrone;jubilantPup8;4zhl0MAV;4
Kim;awedBittern7;GpdL1cU3Kt8;4
Mark;wearySwift3;0ouvP8D6LN5RgTpJqf;4
Melissa;superiorMackerel4;eR3QW7prl1G;4
Michael;outlyingClam3;4Dsg3djFC9N;4
Henry;somberGatorade3;HImks032xEZ;4
Melissa;gleefulFish4;hieoJ0BtQbOW3V57;4
Terry;vengefulEggs3;OWc3R9JdDL6prhP8qt;4
Mark;shyWidgeon8;3AWVja95XcipI;4
Edward;chicLeopard8;RX6VUEFg42d7snCeo8j;4
Courtney;vengefulPup4;ydcMqDV5U8;4
Christy;jumpyCow3;Lxs2ZUtCu1ck85wMKN;4
Larry;relievedLemur2;3gQ0IrRYyTPioBw7j49;4
Stanley;artisticJerky5;4z6uD5Eoy1gALOrQ;4
Jeffrey;affectedSausage3;6p37bLieYjTBF;4
David;bubblyBasmati0;1KbJy6;4
Norma;enviousMacaw9;S3jyOfE7;4
Ben;wrathfulThrushe0;63iW2Fx4vPY5fCXyUElnz;4
Keshia;jealousTortoise1;2Y5BnCXdt9o;4
Megan;artisticCod1;9hCEa7dlMA;4
Bernard;worldlyPup6;cMjYF4bKy29LO3ns;4
Michelle;zestyPie5;5mivE8GK;4
Melvin;similarTomatoe5;9pzjL8P0obVCU;4
Daniel;pluckyShads1;9b7rRDKz;4
Maria;wakefulWhiting0;qH4c1GzZFf;4
Julia;decimalSeafowl0;4c5gHSVQD1nFht0wXd;4
John;cheerfulThrush1;wFmvQgN4H610bL;4
Roberto;kindMuesli6;W0PqX5eo;4
Rickey;needfulMallard7;5hYJ3b7NTpmuC0;4
Edna;mellowDoves4;XLq4Rp9VlB0de;4
Cheryl;emptyMallard5;l5VdfM1RA9v;4
Millie;giddyOrange9;xumF8yRq9Aj6XLa23YMSe;4
Catherine;euphoricSyrup1;v7ldL4GT;4
James;soreGelding4;h0YBWeGb9Av2x3Zn;4
Krista;importedAbalone3;jXJz3EuG80Kk7dOD2ne;4
William;culturedLemur7;js2rQUxL5l0HzN3Bk9A;4
Daren;murkyBasmati1;LQ5i6tR3rdF;4
James;worldlyBagels0;lVt96M0Y1vHqAb;4
Robert;affectedBittern8;Uxe3RC47I6kJmn;4
Lance;anxiousBuck0;w35SuKAtkE7;4
Roger;spiritedApricots6;J7SGzkx3;4
