Code Crushers;5;117;0
Byte Busters;5;234;0
Hack Wizards;5;258;0
Pixel Pioneers;5;186;0
Tech Titans;5;217;0
Data Dreamers;5;169;0
Code Connoisseurs;5;197;0
Hack Heroes;5;220;0
Digital Dynamos;5;112;0
Code Commanders;5;257;0
Byte Bandits;5;304;0
Hack Hounds;5;183;0
Pixel People;5;171;0
Tech Tacticians;5;204;0
Data Defenders;5;142;0
Code Crusaders;5;113;0
Hack Hype;5;131;0
Digital Daredevils;5;159;0
Code Crafters;5;222;0
Byte Brigade;5;226;0
Hack Hunters;5;128;0
Pixel Prodigies;5;146;0
Tech Titans;5;199;0
Data Demons;5;248;0
Code Climbers;5;284;0
Hack Hype;5;127;0
Digital Dudes;5;300;0
Code Crusaders;5;253;0
Byte Brawlers;5;292;0
Hack Heroes;5;118;0
Pixel Power;5;157;0
Tech Troopers;5;198;0
Data Diggers;5;163;0
Code Creators;5;291;0
Hack Hacks;5;280;0
Digital Dynasties;5;224;0
Code Crusade;5;179;0
Byte Busters;5;115;0
Hack Hivemind;5;221;0
Pixel Pals;5;244;0
Tech Titans;5;168;0
Data Detectives;5;270;0
Code Champs;5;262;0
Hack Hounds;5;265;0
Pixel Pushers;5;206;0
Tech Tinkerers;5;150;0
Data Doctors;5;145;0
Code Craftsmen;5;266;0
Hack Hype;5;194;0
Digital Divas;5;191;0
Code Crusade;5;195;0
Byte Bandits;5;246;0
Hack Hounds;5;107;0
Pixel Princes;5;232;0
Tech Titans;5;239;0
Data Detectives;5;139;0
Code Commandos;5;155;0
Hack Heroes;5;201;0
Digital Doers;5;267;0
Code Crusade;5;249;0
Byte Brawlers;5;241;0
Hack Hype;5;299;0
Pixel Palooza;5;162;0
Tech Titans;5;285;0
Data Demolishers;5;175;0
Code Crafters;5;282;0
Hack Hounds;5;268;0
Pixel Professionals;5;269;0
Tech Trailblazers;5;156;0
Data Detectives;5;237;0
Code Crusade;5;278;0
Hack Hype;5;259;0
Digital Daredevils;5;202;0
Code Connoisseurs;5;236;0
Byte Busters;5;294;0
Hack Hounds;5;302;0
Pixel Pioneers;5;196;0
Tech Titans;5;242;0
Data Dreamers;5;231;0
Code Commanders;5;290;0
Hack Heroes;5;177;0
Digital Dynamos;5;200;0
Code Crusaders;5;240;0
Byte Bandits;5;153;0
Hack Hounds;5;144;0
Pixel People;5;212;0
Tech Tacticians;5;254;0
Data Defenders;5;272;0
Code Crusaders;5;121;0
Hack Hype;5;138;0
Digital Dudes;5;250;0
Code Crafters;5;149;0
Byte Brigade;5;215;0
Hack Hunters;5;213;0
Pixel Prodigies;5;137;0
Tech Titans;5;210;0
Data Demons;5;205;0
Code Climbers;5;141;0
Hack Hype;5;298;0
Digital Dynasties;5;180;0
Code Crusade;5;122;0
Byte Busters;5;152;0
Hack Hivemind;5;189;0
Pixel Pals;5;256;0
Tech Titans;5;134;0
Data Detectives;5;264;0
Code Champs;5;164;0
Hack Hounds;5;132;0
Pixel Pushers;5;233;0
Tech Tinkerers;5;174;0
Data Doctors;5;129;0
Code Craftsmen;5;178;0
Hack Hype;5;228;0
Digital Divas;5;305;0
Code Crusade;5;193;0
Byte Bandits;5;255;0
Hack Hounds;5;133;0
Pixel Princes;5;235;0
Tech Titans;5;126;0
Data Detectives;5;297;0
Code Commandos;5;110;0
Hack Heroes;5;167;0
Digital Doers;5;276;0
Code Crusade;5;261;0
Byte Brawlers;5;111;0
Hack Hype;5;130;0
Pixel Palooza;5;160;0
Tech Titans;5;238;0
Data Demolishers;5;123;0
Code Crafters;5;136;0
Hack Hounds;5;184;0
Pixel Professionals;5;277;0
Tech Trailblazers;5;251;0
Data Detectives;5;260;0
Code Crusade;5;116;0
Hack Hype;5;293;0
Digital Daredevils;5;273;0
Code Connoisseurs;5;279;0
Byte Busters;5;289;0
Hack Hounds;5;158;0
Pixel Pioneers;5;182;0
Tech Titans;5;187;0
Data Dreamers;5;271;0
Code Commanders;5;192;0
Hack Heroes;5;223;0
Digital Dynamos;5;166;0
Code Crusaders;5;185;0
Byte Bandits;5;214;0
Hack Hounds;5;230;0
Pixel People;5;135;0
Tech Tacticians;5;286;0
Data Defenders;5;229;0
Code Crusaders;5;227;0
Hack Hype;5;295;0
Digital Dudes;5;211;0
Code Crafters;5;120;0
Byte Brigade;5;109;0
Hack Hunters;5;125;0
Pixel Prodigies;5;119;0
Tech Titans;5;283;0
Data Demons;5;154;0
Code Climbers;5;281;0
Hack Hype;5;173;0
Digital Dynasties;5;288;0
Code Crusade;5;207;0
Byte Busters;5;151;0
Hack Hivemind;5;219;0
Pixel Pals;5;247;0
Tech Titans;5;275;0
Data Detectives;5;140;0
Code Champs;5;287;0
Hack Hounds;5;170;0
Pixel Pushers;5;252;0
Tech Tinkerers;5;209;0
Data Doctors;5;190;0
Code Craftsmen;5;114;0
Hack Hype;5;245;0
Digital Divas;5;172;0
Code Crusade;5;218;0
Byte Bandits;5;165;0
Hack Hounds;5;208;0
Pixel Princes;5;148;0
Tech Titans;5;124;0
Data Detectives;5;181;0
Code Commandos;5;225;0
Hack Heroes;5;216;0
Digital Doers;5;161;0
Code Crusade;5;108;0
Byte Brawlers;5;147;0
Hack Hype;5;203;0
Pixel Palooza;5;303;0
Tech Titans;5;106;0
Data Demolishers;5;188;0
Code Crafters;5;296;0
Hack Hounds;5;143;0
Pixel Professionals;5;301;0
Tech Trailblazers;5;274;0
Data Detectives;5;263;0
Code Crusade;5;176;0
Hack Hypesters;5;243;0
